amino_acid	anticodon	codon	trna_gcn	corresp_codon	wobble_rate
Ala	AGC	GCU	0	GCC	0.35
Ala	GGC	GCC	1	---	0.0
Ala	CGC	GCG	0	GCA	0.35
Ala	UGC	GCA	5	---	0.0
Arg	ACG	CGU	4	---	0.0
Arg	GCG	CGC	0	CGU	0.35
Arg	CCG	CGG	1	---	0.0
Arg	UCG	CGA	0	CGU	0.35
Arg	CCU	AGG	1	---	0.0
Arg	UCU	AGA	1	---	0.0
Asn	AUU	AAU	0	AAC	0.35
Asn	GUU	AAC	4	---	0.0
Asp	AUC	GAU	0	GAC	0.35
Asp	GUC	GAC	4	---	0.0
Cys	ACA	UGU	0	UGC	0.35
Cys	GCA	UGC	1	---	0.0
Gln	CUG	CAG	0	CAA	0.35
Gln	UUG	CAA	4	---	0.0
Glu	CUC	GAG	0	GAA	0.35
Glu	UUC	GAA	6	---	0.0
Gly	ACC	GGU	0	GGC	0.35
Gly	GCC	GGC	4	---	0.0
Gly	CCC	GGG	0	GGA	0.35
Gly	UCC	GGA	3	---	0.0
His	AUG	CAU	0	CAC	0.35
His	GUG	CAC	2	---	0.0
Ile	AAU	AUU	0	AUC	0.35
Ile	GAU	AUC	3	---	0.0
Ile	CAU	AUA	1	---	0.0
Leu	AAG	CUU	0	CUC	0.35
Leu	GAG	CUC	1	---	0.0
Leu	CAG	CUG	1	---	0.0
Leu	UAG	CUA	2	---	0.0
Leu	CAA	UUG	1	---	0.0
Leu	UAA	UUA	3	---	0.0
Lys	CUU	AAG	0	AAA	0.35
Lys	UUU	AAA	4	---	0.0
Met	CAU	AUG	2	---	0.0
Phe	AAA	UUU	0	UUC	0.35
Phe	GAA	UUC	3	---	0.0
Pro	AGG	CCU	0	CCA	0.35
Pro	GGG	CCC	0	CCA	0.35
Pro	CGG	CCG	0	CCA	0.35
Pro	UGG	CCA	3	---	0.0
Ser	AGA	UCU	0	UCC	0.35
Ser	GGA	UCC	1	---	0.0
Ser	CGA	UCG	0	UCA	0.35
Ser	UGA	UCA	2	---	0.0
Ser	ACU	AGU	0	AGC	0.35
Ser	GCU	AGC	2	---	0.0
Thr	AGU	ACU	0	ACC	0.35
Thr	GGU	ACC	1	---	0.0
Thr	CGU	ACG	0	ACA	0.35
Thr	UGU	ACA	4	---	0.0
Trp	CCA	UGG	1	---	0.0
Tyr	AUA	UAU	0	UAC	0.35
Tyr	GUA	UAC	2	---	0.0
Val	AAC	GUU	0	GUC	0.35
Val	GAC	GUC	1	---	0.0
Val	CAC	GUG	0	GUA	0.35
Val	UAC	GUA	4	---	0.0
