AA	tRNA	Codon	GCN	Corresp_codon
Ala	AGC	GCU	16	OOO
Ala	GGC	GCC	0	GCU
Ala	CGC	GCG	3	OOO
Ala	UGC	GCA	7	OOO
Arg	ACG	CGU	6	OOO
Arg	GCG	CGC	0	CGU
Arg	CCG	CGG	2	OOO
Arg	UCG	CGA	3	OOO
Arg	CCU	AGG	3	OOO
Arg	UCU	AGA	4	OOO
Asn	AUU	AAU	0	AAC
Asn	GUU	AAC	11	OOO
Asp	AUC	GAU	0	GAC
Asp	GUC	GAC	9	OOO
Cys	ACA	UGU	0	UGC
Cys	GCA	UGC	12	OOO
Gln	CUG	CAG	6	OOO
Gln	UUG	CAA	2	OOO
Glu	CUC	GAG	8	OOO
Glu	UUC	GAA	7	OOO
Gly	ACC	GGU	0	GGC
Gly	GCC	GGC	7	OOO
Gly	CCC	GGG	5	OOO
Gly	UCC	GGA	8	OOO
His	AUG	CAU	0	CAC
His	GUG	CAC	7	OOO
Ile	AAU	AUU	7	OOO
Ile	GAU	AUC	0	AUU
Ile	CAU	AUA	3	OOO
Leu	AAG	CUU	5	OOO
Leu	GAG	CUC	0	CUU
Leu	CAG	CUG	8	OOO
Leu	UAG	CUA	2	OOO
Leu	CAA	UUG	4	OOO
Leu	UAA	UUA	2	OOO
Lys	CUU	AAG	6	OOO
Lys	UUU	AAA	5	OOO
Met	CAU	AUG	4	OOO
Phe	AAA	UUU	0	UUC
Phe	GAA	UUC	9	OOO
Pro	AGG	CCU	8	OOO
Pro	GGG	CCC	0	CCU
Pro	CGG	CCG	3	OOO
Pro	UGG	CCA	5	OOO
Ser	AGA	UCU	8	OOO
Ser	GGA	UCC	0	UCU
Ser	CGA	UCG	3	OOO
Ser	UGA	UCA	4	OOO
Ser	ACU	AGU	0	AGC
Ser	GCU	AGC	7	OOO
Thr	AGU	ACU	4	OOO
Thr	GGU	ACC	0	ACU
Thr	CGU	ACG	2	OOO
Thr	UGU	ACA	6	OOO
Trp	CCA	UGG	6	OOO
Tyr	AUA	UAU	0	UAC
Tyr	GUA	UAC	15	OOO
Val	AAC	GUU	8	OOO
Val	GAC	GUC	0	GUU
Val	CAC	GUG	7	OOO
Val	UAC	GUA	3	OOO
