AA	tRNA	Codon	GCN	Corresp_codon	wobble_rate
Ala	AGC	GCU	0	GCC	0.35
Ala	GGC	GCC	1	OOO	0.35
Ala	CGC	GCG	0	GCA	0.35
Ala	UGC	GCA	2	OOO	0.35
Arg	ACG	CGU	0	CGC	0.35
Arg	GCG	CGC	1	OOO	0.35
Arg	CCG	CGG	0	CGA	0.35
Arg	UCG	CGA	1	OOO	0.35
Arg	CCU	AGG	0	AGA	0.35
Arg	UCU	AGA	1	OOO	0.35
Asn	AUU	AAU	0	AAC	0.35
Asn	GUU	AAC	1	OOO	0.35
Asp	AUC	GAU	0	GAC	0.35
Asp	GUC	GAC	1	OOO	0.35
Cys	ACA	UGU	0	UGC	0.35
Cys	GCA	UGC	1	OOO	0.35
Gln	CUG	CAG	0	CAA	0.35
Gln	UUG	CAA	1	OOO	0.35
Glu	CUC	GAG	0	GAA	0.35
Glu	UUC	GAA	2	OOO	0.35
Gly	ACC	GGU	0	GGC	0.35
Gly	GCC	GGC	1	OOO	0.35
Gly	CCC	GGG	0	GGA	0.35
Gly	UCC	GGA	1	OOO	0.35
His	AUG	CAU	0	CAC	0.35
His	GUG	CAC	1	OOO	0.35
Ile	AAU	AUU	0	AUC	0.35
Ile	GAU	AUC	1	OOO	0.35
Ile	CAU	AUA	1	OOO	0.35
Leu	AAG	CUU	0	CUC	0.35
Leu	GAG	CUC	1	OOO	0.35
Leu	CAG	CUG	0	CUA	0.35
Leu	UAG	CUA	1	OOO	0.35
Leu	CAA	UUG	0	UUA	0.35
Leu	UAA	UUA	1	OOO	0.35
Lys	CUU	AAG	0	AAA	0.35
Lys	UUU	AAA	1	OOO	0.35
Met	CAU	AUG	1	OOO	0.35
Phe	AAA	UUU	0	UUC	0.35
Phe	GAA	UUC	1	OOO	0.35
Pro	AGG	CCU	0	CCC	0.35
Pro	GGG	CCC	1	OOO	0.35
Pro	CGG	CCG	0	CCA	0.35
Pro	UGG	CCA	1	OOO	0.35
Ser	AGA	UCU	0	UCC	0.35
Ser	GGA	UCC	1	OOO	0.35
Ser	CGA	UCG	0	UCA	0.35
Ser	UGA	UCA	1	OOO	0.35
Ser	ACU	AGU	0	AGC	0.35
Ser	GCU	AGC	1	OOO	0.35
Thr	AGU	ACU	0	ACC	0.35
Thr	GGU	ACC	1	OOO	0.35
Thr	CGU	ACG	0	ACA	0.35
Thr	UGU	ACA	1	OOO	0.35
Trp	CCA	UGG	1	OOO	0.35
Tyr	AUA	UAU	0	UAC	0.35
Tyr	GUA	UAC	1	OOO	0.35
Val	AAC	GUU	0	GUC	0.35
Val	GAC	GUC	1	OOO	0.35
Val	CAC	GUG	1	OOO	0.35
Val	UAC	GUA	1	OOO	0.35
