amino_acid	anticodon	codon	trna_gcn	wobble_codon	wobble_rate
Ala	AGC	GCU	61	---	0.0
Ala	GGC	GCC	0	GCU	0.35
Ala	CGC	GCG	31	---	0.0
Ala	UGC	GCA	72	---	0.0
Arg	ACG	CGU	40	---	0.0
Arg	GCG	CGC	0	CGU	0.35
Arg	CCG	CGG	6	---	0.0
Arg	UCG	CGA	43	---	0.0
Arg	CCU	AGG	37	---	0.0
Arg	UCU	AGA	143	---	0.0
Asn	AUU	AAU	0	AAC	0.35
Asn	GUU	AAC	89	---	0.0
Asp	AUC	GAU	0	GAC	0.35
Asp	GUC	GAC	80	---	0.0
Cys	ACA	UGU	0	UGC	0.35
Cys	GCA	UGC	88	---	0.0
Gln	CUG	CAG	37	---	0.0
Gln	UUG	CAA	26	---	0.0
Glu	CUC	GAG	68	---	0.0
Glu	UUC	GAA	68	---	0.0
Gly	ACC	GGU	0	GGC	0.35
Gly	GCC	GGC	110	---	0.0
Gly	CCC	GGG	154	---	0.0
Gly	UCC	GGA	71	---	0.0
His	AUG	CAU	0	CAC	0.35
His	GUG	CAC	49	---	0.0
Ile	AAU	AUU	75	---	0.0
Ile	GAU	AUC	0	AUU	0.35
Ile	UAU	AUA	37	---	0.0
Leu	AAG	CUU	40	---	0.0
Leu	GAG	CUC	0	CUU	0.35
Leu	CAG	CUG	60	---	0.0
Leu	UAG	CUA	25	---	0.0
Leu	CAA	UUG	29	---	0.0
Leu	UAA	UUA	50	---	0.0
Lys	CUU	AAG	107	---	0.0
Lys	UUU	AAA	109	---	0.0
Met	CAU	AUG	68	---	0.0
Phe	AAA	UUU	0	UUC	0.35
Phe	GAA	UUC	62	---	0.0
Pro	AGG	CCU	62	---	0.0
Pro	GGG	CCC	0	CCU	0.35
Pro	CGG	CCG	29	---	0.0
Pro	UGG	CCA	48	---	0.0
Ser	AGA	UCU	41	---	0.0
Ser	GGA	UCC	0	UCU	0.35
Ser	CGA	UCG	29	---	0.0
Ser	UGA	UCA	29	---	0.0
Ser	ACU	AGU	0	AGC	0.35
Ser	GCU	AGC	90	---	0.0
Thr	AGU	ACU	158	---	0.0
Thr	GGU	ACC	0	ACU	0.35
Thr	CGU	ACG	30	---	0.0
Thr	UGU	ACA	90	---	0.0
Trp	CCA	UGG	41	---	0.0
Tyr	AUA	UAU	0	UAC	0.35
Tyr	GUA	UAC	137	---	0.0
Val	AAC	GUU	72	---	0.0
Val	GAC	GUC	0	GUU	0.35
Val	CAC	GUG	49	---	0.0
Val	UAC	GUA	32	---	0.0
